insert into FormField
(form, field, defaultDisplayName, defaultValue, maxLength,
 hidden, isHidable,
 isRequired, canBeOptional,
 autoGenerate, isAutoGeneratable,
 useCurrentTime, isTimeField) values
('Donor', 'donorNumber', 'Donor #', '', 15,
 '0', '0',
 '1', '0',
 '1', '1',
'0', '0'),
('Donor', 'firstName', 'First Name', '', 0,
'0', '1',
'1', '1',
'0', '0',
'0', '0'),
('Donor', 'middleName', 'Middle Name', '', 0,
'1', '1',
'0', '1',
'0', '0',
'0', '0'),
('Donor', 'lastName', 'Last Name', '', 0,
'0', '1',
'1', '1',
'0', '0',
'0', '0'),
('Donor', 'callingName', 'Calling Name', '', 0,
'1', '1',
'0', '1',
'0', '0',
'0', '0'),
('Donor', 'birthDate', 'Birth Date', '', 0,
'0', '1',
'1', '1',
'0', '0',
'0', '0'),
('Donor', 'birthDateEstimated', 'Estimated', '', 0,
'0', '1',
'0', '1',
'0', '0',
'0', '0'),
('Donor', 'age', 'Age', '', 0,
'1', '1',
'0', '1',
'0', '0',
'0', '0'),
('Donor', 'gender', 'Gender M or F', '', 0,
'0', '1',
'1', '1',
'0', '0',
'0', '0'),
('Donor', 'nationalID', 'National ID', '', 0,
'1', '1',
'0', '1',
'0', '0',
'0', '0'),
('Donor', 'bloodGroup', 'Blood Group', '', 0,
'0', '1',
'0', '1',
'0', '0',
'0', '0'),
('Donor', 'donorStatus', 'Donor status', '', 0,
'0', '1',
'0', '1',
'0', '0',
'0', '0'),
('Donor', 'address', 'Postal Address', '', 0,
'0', '1',
'0', '1',
'0', '0',
'0', '0'),
('Donor', 'city', 'City', '', 0,
'0', '1',
'0', '1',
'0', '0',
'0', '0'),
('Donor', 'province', 'Province', '', 0,
'0', '1',
'0', '1',
'0', '0',
'0', '0'),
('Donor', 'district', 'District', '', 0,
'0', '1',
'0', '1',
'0', '0',
'0', '0'),
('Donor', 'state', 'State', '', 0,
'1', '1',
'0', '1',
'0', '0',
'0', '0'),
('Donor', 'country', 'Country', '', 0,
'0', '1',
'0', '1',
'0', '0',
'0', '0'),
('Donor', 'zipcode', 'Zip Code', '', 0,
'0', '1',
'0', '1',
'0', '0',
'0', '0'),
('Donor', 'phoneNumber', 'Phone number', '', 0,
'0', '1',
'0', '1',
'0', '0',
'0', '0'),
('Donor', 'otherPhoneNumber', 'Other phone number', '', 0,
'1', '1',
'0', '1',
'0', '0',
'0', '0'),
('Donor', 'donorPanel', 'Donor Panel', '', 0,
'0', '1',
'0', '1',
'0', '0',
'0', '0'),
('Donor', 'preferredContactMethod', 'Preferred contact method', '', 0,
'0', '1',
'0', '1',
'0', '0',
'0', '0'),
('Donor', 'notes', 'Notes', '', 0,
'0', '1',
'0', '1',
'0', '0',
'0', '0'),
('Donor', 'dateOfLastDonation', 'Date of last donation', '', 0,
'0', '1',
'0', '1',
'0', '0',
'0', '0'),
('Donor', 'createdDate', 'Created on', '', 0,
'0', '0',
'0', '0',
'0', '0',
'0', '0'),
('Donor', 'createdBy', 'Created by', '', 0,
'0', '0',
'0', '0',
'0', '0',
'0', '0'),
('Donor', 'lastUpdatedTime', 'Last modified on', '', 0,
'0', '0',
'0', '0',
'0', '0',
'0', '0'),
('Donor', 'lastUpdatedBy', 'Last modified by', '', 0,
'0', '0',
'0', '0',
'0', '0',
'0', '0');

insert into FormField
(form, field, defaultDisplayName, defaultValue, maxLength,
 hidden, isHidable,
 isRequired, canBeOptional,
 autoGenerate, isAutoGeneratable,
 useCurrentTime, isTimeField) values
('DonorDeferral', 'deferredOn', 'Deferred on', '', 15,
 '0', '0',
 '1', '0',
 '0', '0',
 '0', '0'),
('DonorDeferral', 'deferredUntil', 'Deferred until', '', 15,
 '0', '0',
 '1', '0',
 '0', '0',
 '0', '0'),
('DonorDeferral', 'deferredBy', 'Deferred by', '', 15,
 '0', '0',
 '1', '0',
 '0', '0',
 '0', '0'),
('DonorDeferral', 'deferralReason', 'Deferral Reason', '', 15,
 '0', '0',
 '1', '0',
 '0', '0',
 '0', '0'),
('DonorDeferral', 'deferralReasonText', 'Other details', '', 15,
 '0', '0',
 '0', '1',
 '0', '0',
 '0', '0');

insert into FormField
(form, field, defaultDisplayName, defaultValue, maxLength,
 hidden, isHidable,
 isRequired, canBeOptional,
 autoGenerate, isAutoGeneratable,
 useCurrentTime, isTimeField) values
('CollectedSample', 'collectionNumber', 'Collection Number', '', 0,
 '0', '0',
 '1', '0',
 '0', '1',
 '0', '0'),
('CollectedSample', 'collectionBatchNumber', 'Batch number', '', 0,
 '0', '1',
 '0', '1',
 '0', '0',
 '0', '0'),
 ('CollectedSample', 'collectedOn', 'Collected on', '', 0,
 '0', '0',
 '1', '0',
 '0', '0',
 '1', '1'),
('CollectedSample', 'donorNumber', 'Donor number', '', 0,
 '0', '1',
 '1', '1',
 '0', '0',
 '0', '0'),
('CollectedSample', 'donationType', 'Donation type', 'Voluntary', 0,
 '0', '1',
 '1', '1',
 '0', '0',
 '0', '0'),
('CollectedSample', 'bloodBagType', 'Blood Bag type', 'Single', 0,
 '0', '1',
 '1', '1',
 '0', '0',
 '0', '0'),
('CollectedSample', 'useParametersFromBatch', 'Collection center/site from batch?', '', 0,
 '0', '1',
 '0', '1',
 '0', '0',
 '0', '0'),
('CollectedSample', 'collectionSite', 'Collection site', '', 0,
 '0', '1',
 '1', '1',
 '0', '0',
 '0', '0'),
('CollectedSample', 'collectionCenter', 'Collection center', '', 0,
 '0', '1',
 '1', '1',
 '0', '0',
 '0', '0'),
('CollectedSample', 'notes', 'Notes', '', 0,
 '0', '1',
 '0', '1',
 '0', '0',
 '0', '0'),
('CollectedSample', 'bloodTypingStatus', 'Blood Typing Status', '', 0,
 '0', '0',
 '0', '0',
 '0', '0',
 '0', '0'),
('CollectedSample', 'bloodAbo', 'Blood ABO', '', 0,
 '0', '0',
 '0', '0',
 '0', '0',
 '0', '0'),
('CollectedSample', 'bloodRh', 'Blood Rh', '', 0,
 '0', '0',
 '0', '0',
 '0', '0',
 '0', '0'),
('CollectedSample', 'ttiStatus', 'TTI Status', '', 0,
 '0', '0',
 '0', '0',
 '0', '0',
 '0', '0'),
('CollectedSample', 'createdDate', 'Created on', '', 0,
 '0', '0',
 '0', '0',
 '0', '0',
 '0', '0'),
('CollectedSample', 'createdBy', 'Created by', '', 0,
 '0', '0',
 '0', '0',
 '0', '0',
 '0', '0'),
('CollectedSample', 'lastUpdatedTime', 'Last modified on', '', 0,
 '0', '0',
 '0', '0',
 '0', '0',
 '0', '0'),
('CollectedSample', 'lastUpdatedBy', 'Last modified by', '', 0,
 '0', '0',
 '0', '0',
 '0', '0',
 '0', '0');

insert into FormField
(form, field, defaultDisplayName, defaultValue, maxLength,
 hidden, isHidable,
 isRequired, canBeOptional,
 autoGenerate, isAutoGeneratable,
 useCurrentTime, isTimeField) values
('CollectionBatch', 'batchNumber', 'Batch number', '', 0,
 '0', '0',
 '1', '0',
 '1', '1',
 '0', '0'),
('CollectionBatch', 'collectionCenter', 'Collection center', '', 0,
 '0', '1',
 '1', '1',
 '0', '0',
 '0', '0'),
('CollectionBatch', 'collectionSite', 'Collection site', '', 0,
 '0', '1',
 '1', '1',
 '0', '0',
 '0', '0'),
('CollectionBatch', 'notes', 'Notes', '', 0,
 '0', '1',
 '0', '1',
 '0', '0',
 '0', '0'),
('CollectionBatch', 'createdDate', 'Created on', '', 0,
 '0', '0',
 '0', '0',
 '0', '0',
 '0', '0'),
('CollectionBatch', 'createdBy', 'Created by', '', 0,
 '0', '0',
 '0', '0',
 '0', '0',
 '0', '0'),
('CollectionBatch', 'lastUpdatedTime', 'Last modified on', '', 0,
 '0', '0',
 '0', '0',
 '0', '0',
 '0', '0'),
('CollectionBatch', 'lastUpdatedBy', 'Last modified by', '', 0,
 '0', '0',
 '0', '0',
 '0', '0',
 '0', '0');

insert into FormField
(form, field, defaultDisplayName, defaultValue, maxLength,
 hidden, isHidable,
 isRequired, canBeOptional,
 autoGenerate, isAutoGeneratable,
 useCurrentTime, isTimeField) values
('Worksheet', 'worksheetNumber', 'Worksheet Number', '', 0,
 '0', '0',
 '1', '0',
 '1', '1',
 '0', '0'),
('Worksheet', 'worksheetType', 'Worksheet type', '', 0,
 '0', '0',
 '1', '0',
 '0', '0',
 '0', '0'),
('Worksheet', 'notes', 'Notes', '', 0,
 '0', '1',
 '0', '1',
 '0', '0',
 '0', '0'),
('Worksheet', 'createdDate', 'Created on', '', 0,
 '0', '0',
 '0', '0',
 '0', '0',
 '0', '0'),
('Worksheet', 'createdBy', 'Created by', '', 0,
 '0', '0',
 '0', '0',
 '0', '0',
 '0', '0'),
('Worksheet', 'lastUpdatedTime', 'Last modified on', '', 0,
 '0', '0',
 '0', '0',
 '0', '0',
 '0', '0'),
('Worksheet', 'lastUpdatedBy', 'Last modified by', '', 0,
 '0', '0',
 '0', '0',
 '0', '0',
 '0', '0');

insert into FormField
(form, field, defaultDisplayName, defaultValue, maxLength,
 hidden, isHidable,
 isRequired, canBeOptional,
 autoGenerate, isAutoGeneratable,
 useCurrentTime, isTimeField) values
('Product', 'collectionNumber', 'Collection Number', '', 0,
 '0', '1',
 '1', '0',
 '0', '0',
'0', '0'),
('Product', 'productType', 'Product Type', '', 0,
 '0', '1',
 '1', '0',
 '0', '0',
'0', '0'),
('Product', 'createdOn', 'Creation date', '', 0,
 '0', '1',
 '1', '0',
 '0', '0',
 '0', '0'),
('Product', 'expiresOn', 'Expiry date', '', 0,
 '0', '0',
 '1', '1',
 '0', '0',
'0', '0'),
('Product', 'issuedOn', 'Issue date', '', 0,
 '0', '0',
 '0', '1',
 '0', '0',
'0', '0'),
('Product', 'status', 'Product status', '', 0,
 '0', '0',
 '0', '1',
 '0', '0',
'0', '0'),
('Product', 'bloodGroup', 'Blood group', '', 0,
 '0', '0',
 '0', '1',
 '0', '0',
'0', '0'),
('Product', 'age', 'Age', '', 0,
 '0', '0',
 '0', '1',
 '0', '0',
'0', '0'),
('Product', 'discardedOn', 'Discarded on', '', 0,
 '0', '0',
 '0', '1',
 '0', '0',
'0', '0'),
('Product', 'discardedBy', 'Discarded by', '', 0,
 '0', '0',
 '0', '1',
 '0', '0',
'0', '0'),
('Product', 'notes', 'Notes', '', 0,
 '0', '0',
 '0', '1',
 '0', '0',
'0', '0'),
('Product', 'statusChangeType', 'Status change type', '', 0,
 '0', '0',
 '0', '0',
 '0', '0',
'0', '0'),
('Product', 'issuedTo', 'Issued to', '', 0,
 '0', '0',
 '0', '0',
 '0', '0',
'0', '0'),
('Product', 'statusChangedOn', 'Status changed on', '', 0,
 '0', '0',
 '0', '0',
 '0', '0',
'0', '0'),
('Product', 'statusChangedBy', 'Status changed by', '', 0,
 '0', '0',
 '0', '0',
 '0', '0',
'0', '0'),
('Product', 'statusChangeReason', 'Status change reason', '', 0,
 '0', '0',
 '0', '0',
 '0', '0',
'0', '0'),
('Product', 'statusChangeReasonText', 'Status change details', '', 0,
 '0', '0',
 '0', '0',
 '0', '0',
'0', '0'),
('Product', 'createdDate', 'Created on', '', 0,
'0', '0',
'0', '0',
'0', '0',
'0', '0'),
('Product', 'createdBy', 'Created by', '', 0,
'0', '0',
'0', '0',
'0', '0',
'0', '0'),
('Product', 'lastUpdatedTime', 'Last modified on', '', 0,
'0', '0',
'0', '0',
'0', '0',
'0', '0'),
('Product', 'lastUpdatedBy', 'Last modified by', '', 0,
'0', '0',
'0', '0',
'0', '0',
'0', '0');

insert into FormField
(form, field, defaultDisplayName, defaultValue, maxLength,
 hidden, isHidable,
 isRequired, canBeOptional,
 autoGenerate, isAutoGeneratable,
 useCurrentTime, isTimeField) values
('TTIForm', 'collectionNumber', 'Collection Number', '', 0,
 '0', '0',
 '1', '0',
 '0', '0',
 '0', '0');

insert into FormField
(form, field, defaultDisplayName, defaultValue, maxLength,
 hidden, isHidable,
 isRequired, canBeOptional,
 autoGenerate, isAutoGeneratable,
 useCurrentTime, isTimeField) values
('Request', 'requestNumber', 'Request number', '', 0,
 '0', '0',
 '1', '0',
 '1', '1',
'0', '0'),
('Request', 'requestDate', 'Request date', '', 0,
 '0', '0',
 '1', '0',
 '0', '0',
 '1', '1'),
('Request', 'requiredDate', 'Required date', '', 0,
 '0', '0',
 '1', '0',
 '0', '0',
'0', '0'),
('Request', 'requestSite', 'Request site', '', 0,
 '0', '1',
 '1', '1',
 '0', '0',
'0', '0'),
('Request', 'numUnitsRequested', 'No. of units requested', '', 0,
 '0', '0',
 '1', '0',
 '0', '0',
'0', '0'),
('Request', 'numUnitsIssued', 'No. of units issued', '', 0,
 '0', '0',
 '0', '1',
 '0', '0',
'0', '0'),
('Request', 'requestStatus', 'Request status', '', 0,
 '0', '0',
 '0', '1',
 '0', '0',
'0', '0'),
('Request', 'patientBloodAbo', 'Blood ABO', '', 0,
 '0', '0',
 '0', '1',
 '0', '0',
'0', '0'),
('Request', 'patientBloodRh', 'Blood Rh', '', 0,
 '0', '0',
 '0', '1',
 '0', '0',
'0', '0'),
('Request', 'productType', 'Product type', '', 0,
 '0', '0',
 '1', '0',
 '0', '0',
'0', '0'),
('Request', 'requestType', 'Request type', '', 0,
 '0', '1',
 '1', '1',
 '0', '0',
'0', '0'),
('Request', 'patientNumber', 'Patient number', '', 0,
 '0', '1',
 '0', '1',
 '0', '0',
'0', '0'),
('Request', 'patientFirstName', 'Patient first name', '', 0,
 '0', '1',
 '0', '1',
 '0', '0',
'0', '0'),
('Request', 'patientLastName', 'Patient last name', '', 0,
 '0', '1',
 '0', '1',
 '0', '0',
'0', '0'),
('Request', 'patientDiagnosis', 'Patient diagnosis', '', 0,
 '0', '1',
 '0', '1',
 '0', '0',
'0', '0'),
('Request', 'patientBirthDate', 'Patient date of birth', '', 0,
 '0', '1',
 '0', '1',
 '0', '0',
'0', '0'),
('Request', 'patientAge', 'Patient age', '', 0,
 '0', '1',
 '0', '1',
 '0', '0',
'0', '0'),
('Request', 'patientGender', 'Patient gender', '', 0,
 '0', '1',
 '0', '1',
 '0', '0',
'0', '0'),
('Request', 'ward', 'Ward', '', 0,
 '0', '1',
 '0', '1',
 '0', '0',
'0', '0'),
('Request', 'department', 'Department', '', 0,
 '0', '1',
 '0', '1',
 '0', '0',
'0', '0'),
('Request', 'hospital', 'Hospital', '', 0,
 '0', '1',
 '0', '1',
 '0', '0',
'0', '0'),
('Request', 'requestedBy', 'Requested by', '', 0,
 '0', '1',
 '0', '1',
 '0', '0',
'0', '0'),
('Request', 'notes', 'Notes', '', 0,
 '0', '1',
 '0', '1',
 '0', '0',
'0', '0'),
('Request', 'createdDate', 'Created on', '', 0,
'0', '0',
'0', '0',
'0', '0',
'0', '0'),
('Request', 'createdBy', 'Created by', '', 0,
'0', '0',
'0', '0',
'0', '0',
'0', '0'),
('Request', 'lastUpdatedTime', 'Last modified on', '', 0,
'0', '0',
'0', '0',
'0', '0',
'0', '0'),
('Request', 'lastUpdatedBy', 'Last modified by', '', 0,
'0', '0',
'0', '0',
'0', '0',
'0', '0');

insert into FormField
(form, field, defaultDisplayName, defaultValue, maxLength,
 hidden, isHidable,
 isRequired, canBeOptional,
 autoGenerate, isAutoGeneratable,
 useCurrentTime, isTimeField) values
('CompatibilityTest', 'collectionNumber', 'Collection number', '', 0,
 '0', '0',
 '1', '0',
 '0', '0',
 '0', '0'),
 ('CompatibilityTest', 'requestNumber', 'Product number', '', 0,
 '0', '1',
 '1', '0',
 '0', '0',
 '0', '0'),
('CompatibilityTest', 'compatibilityResult', 'Compatibility result', '', 0,
 '0', '1',
 '1', '0',
 '0', '0',
 '0', '0'),
 ('CompatibilityTest', 'compatibilityTestDate', 'Compatibility test date', '', 0,
 '0', '1',
 '1', '0',
 '0', '0',
 '0', '0'),
 ('CompatibilityTest', 'transfusedBefore', 'Transfused before', '', 0,
 '1', '1',
 '0', '0',
 '0', '0',
 '0', '0'),
 ('CompatibilityTest', 'crossmatchType', 'Crossmatch type', '', 0,
 '0', '1',
 '1', '0',
 '0', '0',
 '0', '0'),
 ('CompatibilityTest', 'testedBy', 'Tested by', '', 0,
 '0', '1',
 '0', '0',
 '0', '0',
 '0', '0'),
 ('CompatibilityTest', 'notes', 'Notes', '', 0,
 '0', '1',
 '0', '1',
 '0', '0',
 '0', '0'),
 ('CompatibilityTest', 'createdDate', 'Created on', '', 0,
  '0', '0',
  '0', '0',
  '0', '0',
 '0', '0'),
('CompatibilityTest', 'createdBy', 'Created by', '', 0,
 '0', '0',
 '0', '0',
 '0', '0',
 '0', '0'),
('CompatibilityTest', 'lastUpdatedTime', 'Last modified on', '', 0,
 '0', '0',
 '0', '0',
 '0', '0',
 '0', '0'),
('CompatibilityTest', 'lastUpdatedBy', 'Last modified by', '', 0,
 '0', '0',
 '0', '0',
 '0', '0',
 '0', '0');

insert into FormField
(form, field, defaultDisplayName, defaultValue, maxLength,
 hidden, isHidable,
 isRequired, canBeOptional,
 autoGenerate, isAutoGeneratable,
 useCurrentTime, isTimeField) values
('Usage', 'product', 'Product', '', 0,
 '0', '0',
 '1', '0',
 '0', '0',
 '0', '0'),
('Usage', 'collectionNumber', 'Collection number', '', 0,
 '0', '0',
 '1', '0',
 '0', '0',
 '0', '0'),
('Usage', 'productType', 'Product type', '', 0,
 '0', '0',
 '1', '0',
 '0', '0',
 '0', '0'),
('Usage', 'usageDate', 'Usage date', '', 0,
 '0', '0',
 '1', '0',
 '0', '0',
 '0', '0'),
('Usage', 'hospital', 'Hospital', '', 0,
 '0', '1',
 '0', '1',
 '0', '0',
 '0', '0'),
('Usage', 'ward', 'Ward', '', 0,
 '0', '0',
 '0', '1',
 '0', '0',
 '0', '0'),
('Usage', 'patientName', 'Patient name', '', 0,
 '0', '0',
 '0', '1',
 '0', '0',
 '0', '0'),
 ('Usage', 'useIndication', 'Use indication', '', 0,
 '0', '0',
 '0', '1',
 '0', '0',
 '0', '0'),
 ('Usage', 'usedBy', 'Used by', '', 0,
 '0', '0',
 '0', '1',
 '0', '0',
 '0', '0'),
 ('Usage', 'notes', 'Notes', '', 0,
 '0', '0',
 '0', '1',
 '0', '0',
 '0', '0'),
 ('Usage', 'createdDate', 'Created on', '', 0,
 '0', '0',
 '0', '0',
 '0', '0',
 '0', '0'),
 ('Usage', 'createdBy', 'Created by', '', 0,
 '0', '0',
 '0', '0',
 '0', '0',
 '0', '0'),
 ('Usage', 'lastUpdatedTime', 'Last modified on', '', 0,
 '0', '0',
 '0', '0',
 '0', '0',
 '0', '0'),
 ('Usage', 'lastUpdatedBy', 'Last modified by', '', 0,
 '0', '0',
 '0', '0',
 '0', '0',
 '0', '0');

insert into ProductType (id, productTypeNameShort, productType, description, expiresAfter, expiresAfterUnits, hasBloodGroup, pediProductType_id, isDeleted) values
(1, 'Whole Blood', 'Whole Blood', '', 35, 'DAYS', '1', NULL, '0'),
(2, 'RCC', 'Red Cell Concentrate', '', 35, 'DAYS', '1', NULL, '0'),
(3, 'FFP', 'Fresh Frozen Plasma', '', 365, 'DAYS', '1', NULL, '0'),
(4, 'Platelets', 'Platelets', '', 5, 'DAYS', '1', NULL, '0'),
(5, 'Whole Blood Pedi', 'Whole Blood Pedi', '', 35, 'DAYS', '1', NULL, '0'),
(6, 'RCC Pedi', 'Red Cell Concentrate Pedi', '', 35, 'DAYS', '1', NULL, '0'),
(7, 'FFP Pedi', 'Fresh Frozen Plasma Pedi', '', 365, 'DAYS', '1', NULL, '0'),
(8, 'Platelets Pedi', 'Platelets Pedi', '', 5, 'DAYS', '1', NULL, '0');


/**
 * Create references to pedi product types.
 */
update ProductType set pediProductType_id=5 where id=1;
update ProductType set pediProductType_id=6 where id=2;
update ProductType set pediProductType_id=7 where id=3;
update ProductType set pediProductType_id=8 where id=4;

insert into ProductTypeCombination (id, combinationName, isDeleted) values
(1, 'Whole Blood', 0),
(2, 'RCC, FFP, Platelets', 0),
(3, 'Whole Blood Pedi', 0),
(4, 'RCC Pedi, FFP Pedi, FFP Pedi', 0);

insert into ProductTypeCombination_ProductType (productTypeCombinations_id, productTypes_id) values
(1, 1),
(2, 2),
(2, 3),
(2, 4),
(3, 5),
(4, 6),
(4, 7),
(4, 8);

insert into Location(name, isCollectionCenter, isCollectionSite, isMobileSite, isUsageSite, isDonorPanel, isDeleted, notes) values
('Lusaka', 1, 0, 0, 0, 0, 0, ''),
('Ndola', 1, 1, 0, 1, 0, 0, ''),
('Livingstone', 1, 1, 0, 1, 1, 0, ''),
('Luanshya', 1, 0, 0, 0, 1, 0, ''),
('Kasama', 1, 1, 0, 1, 0, 0, ''),
('Chipata', 1, 0, 0, 0, 0, 0, ''),
('Chingola', 1, 1, 0, 1, 1, 0, '');

insert into Tips (tipsKey, tipsName, tipsContent) values
('report.inventory.generate', 'Generate Inventory' ,'Click the Generate Inventory Report button below to generate a report of your products.'),
('report.requests.requestsreport', 'Requests report' ,'Track the number of requests by date range, location and blood group.'),
('testresults.find', 'Find/Edit Test Results', 'Find blood typing and TTI results by collection number'),
('products.find', 'Find/Edit Products', 'Find Products by collection number/product number/product type.'),
('products.findproduct.productsummary', 'Product Summary Page', 'Product details shown below. Discard, split or pool this product using the buttons above.'),
('collectedSamples.find', 'Find/Edit Collections', 'Find Collections by collection number/blood bag type/collection center/collection site.'),
('collections.findcollection.collectionsummary', 'Collection Summary', 'Showing details of Collection below. Click on Edit to modify the details of this collection.'),
('collectionbatch.find', 'Find Collection batch', 'Find collection batch by batch number or collection center, site.'),
('donors.finddonor', 'Find/Edit Donors', 'Find Donors by donor number or part of donor first name or last name. Filter donors by Blood Group.'),
('donors.finddonor.donorsummary', 'Donor Summary', 'View previous donations by this donor by selecting View Donation History. Add a new collection for this donor by selecting Add Collection.'),
('testresults.worksheet', 'Enter worksheet results', 'Find a generated worksheet and enter test results for collections in that worksheet'),
('requests.findpending', 'Find Pending Requests', 'To issue products first find pending requests for a given site by product type. Optionally specify dates to filter requests made on or after Request date and required on or before Required date'),
('requests.findpending.requestsummary', 'Request Summary Page', 'Click on Find Matching Products button above to find all available products that are compatible for the given request.'),
('requests.findpending.findmatchingproducts', 'Matching Products for request', 'Select the products you want to issue from the table below and then click on Issue button.'),
('requests.addcompatibilityresult', 'Add compatibility tests for request', 'Record if a given product is compatible or not with the patient blood sample for the given request.'),
('report.inventory.productinventorychart', 'Product Inventory Report', 'Products in Inventory by Product Type and Blood Group. Click the columns to view products by Age. Click again to return.'),
('report.products.discardedproductsreport', 'Discarded Products Over Time', 'Number of products discarded over time categorized by blood group'),
('report.products.issuedproductsreport', 'Products Issued Over Time', 'Number of products issued over time categorized by blood group'),
('report.collections.collectionsreport', 'Collections Report', 'Track number collections done within a given date range for specific centers and sites. View daily, monthly, yearly numbers.'),
('report.collections.testresultsreport', 'Test Results Report', 'Track TTI numbers by collection site and collection center done within a given date range for specific centers and sites. View daily, monthly, yearly numbers.'),
('usage.addusage', 'Add Usage Form', 'Record usage of a product within a hospital. Optionally specify Hospital name, ward, patient name.');

insert into CrossmatchType (crossmatchType, isDeleted) values
('Saline @ 37 degrees', '0'),
('Anti Human Globulin', '0');

insert into GenericConfig (propertyName, propertyValue, propertyOwner) values
("rowHeight", "30", "collectionsWorksheet"),
("columnWidth", "100", "collectionsWorksheet"),
("collectionNumber", "true", "collectionsWorksheet"),

("haemoglobinUnit", "g/dL", "measurementUnit"),
("bloodPressureUnit", "mmHg", "measurementUnit"),

("ageLimitsEnabled", "true", "donationRequirements"),
("minimumAge", "16", "donationRequirements"),
("maximumAge", "65", "donationRequirements"),
("minimumWeight", "65", "donationRequirements"),
("donorWeightUnit", "Kg.", "donationRequirements"),
("daysBetweenConsecutiveDonations", "90", "donationRequirements"),
("donorDeferralCheckRequired", "true", "donationRequirements"),
("donorBloodGroupMatchRequired", "true", "donationRequirements"),
("donorHistoryCheckRequired", "true", "donationRequirements"),

("useShortNameForProductTypes", "true" ,"products"),

("allowPediComponentsFromFirstTimeDonors", "true", "componentSplit"),

("donorRecordRequired", "true", "productReleaseRequirements"),

("allowProductsWithoutCollection", "true", "productCreationRequirements"),
("allowImportedProducts", "true", "productCreationRequirements");

insert into ProductStatusChangeReason (statusChangeReason, category, isDeleted) values
("Other", "DISCARDED", 0),
("Positive TTI", "DISCARDED", 0),
("Expired", "DISCARDED", 0),
("Other",   "RETURNED", 0),
("Expired", "RETURNED", 0),
("Not required", "RETURNED", 0),
("Wrong product sent", "RETURNED", 0),
("Did not crossmatch with patient sample", "RETURNED", 0),
("Split", "SPLIT", 0);

insert ignore into User (id, username,password,firstname,isAdmin,isStaff,isActive,isDeleted) values
(1, 'admin','admin321123','admin',1,1,1,0),
(2, 'test','test','technician',0,1,1,0),
(3, 'donor_user', 'donor_user', 'donor_user', 0,1,1,0),
(4, 'test_user', 'test_user', 'test_user', 0,1,1,0);

insert into Role(id, name) values
(1, 'ROLE_ADMIN'),
(2, 'ROLE_DONORLAB'),
(3, 'ROLE_TESTLAB'),
(4, 'ROLE_USER');

insert into Permission(id, name) values
(1, 'PERM_LOGIN'),
(2, 'PERM_VIEW_DONOR_INFORMATION'),
(3, 'PERM_VIEW_TEST_INFORMATION'),
(4, 'PERM_EDIT_INFORMATION'),
(5, 'PERM_EDIT_CONFIGURATION');

insert into User_Role (users_id, roles_id) values
(1, 1),
(1, 2),
(1, 3),
(1, 4),
(2, 1),
(2, 2),
(2, 3),
(2, 4),
(3, 2),
(3, 4),
(4, 3),
(4, 4);

insert into Permission_Role (roles_id, permissions_id) values
(1, 2),
(1, 3),
(1, 4),
(1, 5),
(2, 1),
(2, 2),
(3, 1),
(3, 3),
(4, 1);

insert into ContactMethodType (contactMethodType, isDeleted) values
("None", 0),
("Phone", 0),
("SMS", 0),
("Email", 0),
("Mail", 0),
("Do not contact", 0);

insert into WellType (wellType, requiresSample, isDeleted) values
("Sample", 1, 0),
("Blank", 0, 0),
("Negative control", 0,  0),
("Positive control", 0, 0);

insert into GenericConfig (propertyName, propertyValue, propertyOwner) values
("leaveOutCollectionsProbability", "0.10", "createdata"),
("incorrectBloodTypeProbability", "0.05", "createdata"),
("unsafeProbability", "0.05", "createdata");

insert into GenericConfig (propertyName, propertyValue, propertyOwner) values
("bloodTypingMechanism", "BLOODTYPING_TEST_RESULTS_ELISA", "labsetup"),
("ttiMechanism", "TTI_ELISA", "labsetup"),
("recordUsage", "true", "labsetup"),
("crossmatchProcedure", "CROSSMATCH_DONE_CAN_SKIP", "labsetup");

insert into GenericConfig (propertyName, propertyValue, propertyOwner) values
("bloodTypingContext", "RECORD_BLOOD_TYPING_TESTS", "labsetup"),
("bloodTypingElisa", "true", "labsetup"),
("bloodTypingWorksheets", "false", "labsetup");

insert into GenericConfig (propertyName, propertyValue, propertyOwner) values
("ttiElisa", "true", "labsetup"),
("ttiWorksheets", "false", "labsetup"),
("recordMachineReadingsForTTI", "true", "labsetup");

insert into GenericConfig (propertyName, propertyValue, propertyOwner) values
("useWorksheets", "false", "labsetup");

insert into GenericConfig (propertyName, propertyValue, propertyOwner) values
("donorsTabEnabled", "true", "labsetup"),
("collectionsTabEnabled", "true", "labsetup"),
("productsTabEnabled", "true", "labsetup"),
("testResultsTabEnabled", "true", "labsetup"),
("requestsTabEnabled", "true", "labsetup"),
("usageTabEnabled", "true", "labsetup"),
("reportsTabEnabled", "true", "labsetup");

insert into GenericConfig (propertyName, propertyValue, propertyOwner) values
("showCrossmatchConfirmation", "true", "labsetup"),
("allowSkipCrossmatch", "true", "labsetup");
